Difficulty,Animal,CardNumber,DiceNumber,Area,Height,SolutionCount,Blocks
Easy,Elephant,1,1,7,2,1,"[Blue lighter, Red big hook, Green L]"
Easy,Elephant,1,3,7,2,1,"[Blue lighter, Red small hook, Green big hook]"
Easy,Elephant,1,5,7,2,1,"[Yellow big hook, Blue big hook, Red small hook]"
Easy,Elephant,1,8,7,2,1,"[Yellow small hook, Red stool, Green flash]"
Easy,Elephant,2,1,7,2,1,"[Yellow hello, Red stool, Green L]"
Easy,Elephant,2,3,7,2,1,"[Yellow hello, Blue lighter, Red flash]"
Easy,Elephant,2,5,7,2,1,"[Red big hook, Green big hook, Green L]"
Easy,Elephant,2,8,7,2,1,"[Blue flash, Red stool, Green L]"
Easy,Elephant,3,1,7,2,1,"[Yellow small hook, Blue big hook, Blue lighter]"
Easy,Elephant,3,3,7,2,1,"[Red stool, Red big hook, Green L]"
Easy,Elephant,3,5,7,2,1,"[Blue lighter, Red stool, Red small hook]"
Easy,Elephant,3,8,7,2,1,"[Blue big hook, Blue lighter, Green L]"
Easy,Elephant,4,1,7,2,1,"[Yellow big hook, Blue lighter, Green L]"
Easy,Elephant,4,3,7,2,1,"[Yellow hello, Blue lighter, Green L]"
Easy,Elephant,4,5,7,2,1,"[Blue big hook, Red big hook, Green L]"
Easy,Elephant,4,8,7,2,1,"[Yellow big hook, Blue big hook, Green L]"
Easy,Gazelle,5,1,7,2,1,"[Yellow big hook, Red stool, Green L]"
Easy,Gazelle,5,3,7,2,1,"[Yellow small hook, Blue big hook, Red big hook]"
Easy,Gazelle,5,5,7,2,2,"[Yellow hello, Red stool, Red small hook]"
Easy,Gazelle,5,8,7,2,2,"[Yellow gate, Red stool, Green L]"
Easy,Gazelle,6,1,7,2,1,"[Blue big hook, Red stool, Green L]"
Easy,Gazelle,6,3,7,2,1,"[Yellow big hook, Red small hook, Green big hook]"
Easy,Gazelle,6,5,7,2,1,"[Yellow gate, Blue big hook, Red small hook]"
Easy,Gazelle,6,8,7,2,2,"[Yellow hello, Blue lighter, Green T]"
Easy,Gazelle,7,1,7,2,1,"[Blue flash, Blue lighter, Green L]"
Easy,Gazelle,7,3,7,2,1,"[Blue lighter, Green flash, Green T]"
Easy,Gazelle,7,5,7,2,1,"[Yellow hello, Yellow small hook, Blue lighter]"
Easy,Gazelle,7,8,7,2,3,"[Yellow hello, Blue lighter, Green L]"
Easy,Gazelle,8,1,7,2,1,"[Blue big hook, Blue lighter, Red small hook]"
Easy,Gazelle,8,3,7,2,1,"[Yellow small hook, Blue lighter, Green big hook]"
Easy,Gazelle,8,5,7,2,1,"[Yellow big hook, Yellow gate, Green L]"
Easy,Gazelle,8,8,7,2,1,"[Yellow small hook, Yellow gate, Green big hook]"
Easy,Snake,9,1,7,2,1,"[Red stool, Red big hook, Red flash]"
Easy,Snake,9,3,7,2,2,"[Blue lighter, Green flash, Green L]"
Easy,Snake,9,5,7,2,1,"[Blue flash, Red stool, Green T]"
Easy,Snake,9,8,7,2,1,"[Yellow small hook, Blue big hook, Red big hook]"
Easy,Snake,10,1,7,2,1,"[Red stool, Red small hook, Green big hook]"
Easy,Snake,10,3,7,2,1,"[Yellow small hook, Blue flash, Red stool]"
Easy,Snake,10,5,7,2,1,"[Yellow small hook, Blue big hook, Blue flash]"
Easy,Snake,10,8,7,2,1,"[Yellow big hook, Red stool, Red small hook]"
Easy,Snake,11,1,7,2,2,"[Blue flash, Blue lighter, Green L]"
Easy,Snake,11,3,7,2,1,"[Yellow small hook, Green flash, Green big hook]"
Easy,Snake,11,5,7,2,1,"[Red stool, Red small hook, Green big hook]"
Easy,Snake,11,8,7,2,1,"[Blue big hook, Red stool, Red small hook]"
Easy,Snake,12,1,7,2,1,"[Yellow hello, Yellow small hook, Red stool]"
Easy,Snake,12,3,7,2,1,"[Blue lighter, Red small hook, Green big hook]"
Easy,Snake,12,5,7,2,1,"[Red small hook, Green flash, Green big hook]"
Easy,Snake,12,8,7,2,1,"[Yellow small hook, Red stool, Green big hook]"
Easy,Gnu,13,1,7,2,1,"[Yellow hello, Yellow small hook, Blue big hook]"
Easy,Gnu,13,3,7,2,1,"[Blue flash, Blue lighter, Red small hook]"
Easy,Gnu,13,5,7,2,1,"[Blue flash, Red stool, Green L]"
Easy,Gnu,13,8,7,2,1,"[Blue lighter, Green flash, Green L]"
Easy,Gnu,14,1,7,2,1,"[Yellow gate, Red small hook, Red big hook]"
Easy,Gnu,14,3,7,2,1,"[Blue big hook, Red stool, Red small hook]"
Easy,Gnu,14,5,7,2,1,"[Blue flash, Blue lighter, Red flash]"
Easy,Gnu,14,8,7,2,1,"[Red stool, Green big hook, Green T]"
Easy,Gnu,15,1,7,2,1,"[Yellow small hook, Red stool, Green big hook]"
Easy,Gnu,15,3,7,2,1,"[Blue lighter, Red small hook, Green flash]"
Easy,Gnu,15,5,7,2,1,"[Red stool, Green flash, Green L]"
Easy,Gnu,15,8,7,2,1,"[Blue flash, Green big hook, Green L]"
Easy,Gnu,16,1,7,2,1,"[Yellow small hook, Blue lighter, Green flash]"
Easy,Gnu,16,3,7,2,1,"[Red stool, Green flash, Green L]"
Easy,Gnu,16,5,7,2,1,"[Red stool, Red small hook, Green big hook]"
Easy,Gnu,16,8,7,2,1,"[Blue big hook, Green flash, Green L]"
Easy,Ostrich,17,1,7,2,1,"[Yellow gate, Blue big hook, Green L]"
Easy,Ostrich,17,3,7,2,2,"[Yellow hello, Blue lighter, Green L]"
Easy,Ostrich,17,5,7,2,1,"[Yellow hello, Yellow small hook, Red stool]"
Easy,Ostrich,17,8,7,2,1,"[Yellow small hook, Blue lighter, Green flash]"
Easy,Ostrich,18,1,7,2,1,"[Blue lighter, Red big hook, Green L]"
Easy,Ostrich,18,3,7,2,1,"[Yellow hello, Blue lighter, Red flash]"
Easy,Ostrich,18,5,7,2,1,"[Yellow small hook, Blue flash, Blue lighter]"
Easy,Ostrich,18,8,7,2,1,"[Red stool, Red big hook, Green L]"
Easy,Ostrich,19,1,7,2,2,"[Red stool, Red small hook, Green flash]"
Easy,Ostrich,19,3,7,2,1,"[Blue big hook, Red stool, Green L]"
Easy,Ostrich,19,5,7,2,1,"[Yellow big hook, Red stool, Green L]"
Easy,Ostrich,19,8,7,2,1,"[Red stool, Red small hook, Green flash]"
Easy,Ostrich,20,1,7,2,2,"[Yellow hello, Red stool, Red small hook]"
Easy,Ostrich,20,3,7,2,1,"[Blue big hook, Red stool, Red small hook]"
Easy,Ostrich,20,5,7,2,1,"[Yellow big hook, Red stool, Red flash]"
Easy,Ostrich,20,8,7,2,1,"[Blue flash, Blue lighter, Red small hook]"
Easy,Rhino,21,1,7,2,1,"[Yellow big hook, Yellow small hook, Blue lighter]"
Easy,Rhino,21,3,7,2,2,"[Blue lighter, Red stool, Green L]"
Easy,Rhino,21,5,7,2,4,"[Red stool, Red small hook, Green big hook]"
Easy,Rhino,21,8,7,2,2,"[Yellow hello, Blue lighter, Red small hook]"
Easy,Rhino,22,1,7,2,1,"[Blue big hook, Red stool, Green L]"
Easy,Rhino,22,3,7,2,2,"[Yellow big hook, Red stool, Green T]"
Easy,Rhino,22,5,7,2,1,"[Blue big hook, Blue flash, Red small hook]"
Easy,Rhino,22,8,7,2,1,"[Yellow hello, Blue big hook, Green L]"
Easy,Rhino,23,1,7,2,1,"[Blue lighter, Red small hook, Red big hook]"
Easy,Rhino,23,3,7,2,1,"[Blue flash, Blue lighter, Red small hook]"
Easy,Rhino,23,5,7,2,4,"[Yellow small hook, Blue big hook, Red stool]"
Easy,Rhino,23,8,7,2,1,"[Red stool, Green big hook, Green L]"
Easy,Rhino,24,1,7,2,1,"[Red stool, Green big hook, Green L]"
Easy,Rhino,24,3,7,2,1,"[Yellow hello, Red stool, Green L]"
Easy,Rhino,24,5,7,2,2,"[Yellow big hook, Yellow small hook, Blue lighter]"
Easy,Rhino,24,8,7,2,1,"[Yellow big hook, Green flash, Green L]"
Easy,Giraffe,25,1,6,2,1,"[Yellow big hook, Blue v, Red small hook]"
Easy,Giraffe,25,3,6,2,1,"[Yellow hello, Blue v, Red small hook]"
Easy,Giraffe,25,5,7,2,1,"[Yellow small hook, Blue lighter, Green flash]"
Easy,Giraffe,25,8,7,2,1,"[Red stool, Red small hook, Green big hook]"
Easy,Giraffe,26,1,6,2,2,"[Yellow small hook, Blue big hook, Blue v]"
Easy,Giraffe,26,3,6,2,1,"[Red small hook, Red flash, Green L]"
Easy,Giraffe,26,5,7,2,1,"[Blue flash, Red stool, Green L]"
Easy,Giraffe,26,8,7,2,1,"[Green flash, Green big hook, Green L]"
Easy,Giraffe,27,1,6,2,2,"[Blue v, Red small hook, Green big hook]"
Easy,Giraffe,27,3,6,2,1,"[Blue flash, Blue v, Green T]"
Easy,Giraffe,27,5,7,2,2,"[Yellow hello, Yellow small hook, Blue lighter]"
Easy,Giraffe,27,8,7,2,1,"[Red stool, Green flash, Green L]"
Easy,Giraffe,28,1,6,2,2,"[Yellow small hook, Blue v, Green big hook]"
Easy,Giraffe,28,3,6,2,1,"[Blue v, Green flash, Green T]"
Easy,Giraffe,28,5,7,2,1,"[Yellow small hook, Blue big hook, Red stool]"
Easy,Giraffe,28,8,7,2,1,"[Blue big hook, Blue flash, Green L]"
Easy,Zebra,29,1,6,2,2,"[Blue big hook, Blue v, Red small hook]"
Easy,Zebra,29,3,6,2,2,"[Yellow small hook, Blue lighter, Blue v]"
Easy,Zebra,29,5,7,2,2,"[Red stool, Green big hook, Green L]"
Easy,Zebra,29,8,7,2,2,"[Blue lighter, Green big hook, Green L]"
Easy,Zebra,30,1,7,2,1,"[Red stool, Red flash, Green flash]"
Easy,Zebra,30,3,7,2,1,"[Red stool, Green flash, Green L]"
Easy,Zebra,30,5,7,2,1,"[Blue big hook, Red stool, Red small hook]"
Easy,Zebra,30,8,7,2,4,"[Yellow small hook, Blue flash, Red stool]"
Easy,Zebra,31,1,6,2,9,"[Yellow small hook, Blue v, Red stool]"
Easy,Zebra,31,3,6,2,1,"[Blue v, Green big hook, Green L]"
Easy,Zebra,31,5,7,2,1,"[Yellow hello, Yellow small hook, Green flash]"
Easy,Zebra,31,8,7,2,1,"[Blue flash, Red stool, Red small hook]"
Easy,Zebra,32,1,7,2,1,"[Red stool, Red flash, Green flash]"
Easy,Zebra,32,3,7,2,1,"[Blue big hook, Red stool, Red small hook]"
Easy,Zebra,32,5,7,2,1,"[Red stool, Green flash, Green L]"
Easy,Zebra,32,8,7,2,2,"[Blue lighter, Green flash, Green L]"
Easy,Warthog,33,1,6,2,1,"[Yellow small hook, Blue v, Green big hook]"
Easy,Warthog,33,3,6,2,1,"[Blue v, Green flash, Green L]"
Easy,Warthog,33,5,7,2,2,"[Red stool, Green big hook, Green L]"
Easy,Warthog,33,8,7,2,2,"[Yellow hello, Yellow small hook, Yellow gate]"
Easy,Warthog,34,1,6,2,2,"[Blue v, Red stool, Red small hook]"
Easy,Warthog,34,3,6,2,1,"[Yellow hello, Blue v, Red flash]"
Easy,Warthog,34,5,7,2,2,"[Yellow small hook, Blue big hook, Red stool]"
Easy,Warthog,34,8,7,2,2,"[Yellow hello, Blue big hook, Green L]"
Easy,Warthog,35,1,6,2,1,"[Yellow big hook, Blue v, Green L]"
Easy,Warthog,35,3,6,2,1,"[Red small hook, Red flash, Green L]"
Easy,Warthog,35,5,7,2,2,"[Yellow big hook, Blue lighter, Red small hook]"
Easy,Warthog,35,8,7,2,2,"[Yellow gate, Blue flash, Red small hook]"
Easy,Warthog,36,1,6,2,1,"[Yellow hello, Blue v, Green L]"
Easy,Warthog,36,3,6,2,1,"[Blue big hook, Blue v, Green L]"
Easy,Warthog,36,5,7,2,2,"[Yellow hello, Blue flash, Red small hook]"
Easy,Warthog,36,8,7,2,6,"[Blue big hook, Red stool, Red small hook]"
Difficult,Elephant,1,1,8,2,38,"[Blue lighter, Blue v, Red small hook, Green L]"
Difficult,Elephant,1,2,8,2,2,"[Blue v, Red small hook, Red big hook, Red flash]"
Difficult,Elephant,1,3,8,2,6,"[Blue big hook, Blue v, Green T, Green L]"
Difficult,Elephant,1,4,8,2,4,"[Blue v, Green flash, Green T, Green L]"
Difficult,Elephant,1,5,8,2,4,"[Blue big hook, Blue v, Red flash, Green L]"
Difficult,Elephant,1,6,8,2,3,"[Yellow small hook, Blue v, Green big hook, Green L]"
Difficult,Elephant,1,7,8,2,3,"[Yellow big hook, Blue v, Red small hook, Green T]"
Difficult,Elephant,1,8,8,2,8,"[Blue flash, Blue v, Red small hook, Green L]"
Difficult,Elephant,1,9,8,2,9,"[Blue v, Red small hook, Red big hook, Green L]"
Difficult,Elephant,1,10,8,2,1,"[Yellow small hook, Blue v, Red big hook, Red flash]"
Difficult,Elephant,2,1,9,2,2,"[Yellow small hook, Red small hook, Green flash, Green big hook]"
Difficult,Elephant,2,2,9,2,4,"[Blue flash, Blue v, Red stool, Green flash]"
Difficult,Elephant,2,3,9,2,1,"[Yellow small hook, Red flash, Green flash, Green big hook]"
Difficult,Elephant,2,4,9,2,1,"[Yellow small hook, Red flash, Green flash, Green big hook]"
Difficult,Elephant,2,5,9,2,1,"[Red stool, Red small hook, Green big hook, Green L]"
Difficult,Elephant,2,6,8,2,4,"[Yellow small hook, Blue big hook, Blue v, Red small hook]"
Difficult,Elephant,2,7,8,2,2,"[Blue v, Red small hook, Red big hook, Green L]"
Difficult,Elephant,2,8,8,2,7,"[Yellow small hook, Blue flash, Blue v, Green L]"
Difficult,Elephant,2,9,8,2,5,"[Blue big hook, Blue v, Red flash, Green L]"
Difficult,Elephant,2,10,8,2,4,"[Yellow small hook, Blue v, Red small hook, Green big hook]"
Difficult,Elephant,3,1,8,2,2,"[Blue flash, Blue v, Red flash, Green L]"
Difficult,Elephant,3,2,8,2,4,"[Blue v, Red small hook, Green flash, Green T]"
Difficult,Elephant,3,3,8,2,2,"[Yellow hello, Blue v, Green T, Green L]"
Difficult,Elephant,3,4,8,2,2,"[Blue big hook, Blue v, Red flash, Green L]"
Difficult,Elephant,3,5,8,2,4,"[Yellow hello, Yellow small hook, Blue v, Red small hook]"
Difficult,Elephant,3,6,8,2,17,"[Yellow small hook, Blue v, Green flash, Green L]"
Difficult,Elephant,3,7,8,2,1,"[Blue v, Red flash, Green big hook, Green L]"
Difficult,Elephant,3,8,8,2,9,"[Yellow hello, Blue v, Red flash, Green L]"
Difficult,Elephant,3,9,8,2,2,"[Blue v, Red small hook, Red flash, Green flash]"
Difficult,Elephant,3,10,8,2,1,"[Yellow big hook, Blue v, Red small hook, Red flash]"
Difficult,Elephant,4,1,8,2,10,"[Blue v, Red small hook, Green big hook, Green L]"
Difficult,Elephant,4,2,8,2,2,"[Blue big hook, Blue v, Red small hook, Red flash]"
Difficult,Elephant,4,3,8,2,4,"[Blue v, Red flash, Green big hook, Green L]"
Difficult,Elephant,4,4,8,2,2,"[Yellow big hook, Blue v, Red small hook, Green T]"
Difficult,Elephant,4,5,8,2,8,"[Yellow small hook, Blue v, Green big hook, Green L]"
Difficult,Elephant,4,6,8,2,2,"[Yellow big hook, Blue v, Green T, Green L]"
Difficult,Elephant,4,7,8,2,18,"[Yellow small hook, Blue lighter, Blue v, Red small hook]"
Difficult,Elephant,4,8,8,2,4,"[Blue v, Green flash, Green T, Green L]"
Difficult,Elephant,4,9,8,2,2,"[Yellow hello, Yellow small hook, Blue v, Red small hook]"
Difficult,Elephant,4,10,8,2,1,"[Blue flash, Blue v, Red small hook, Green T]"
Difficult,Gazelle,5,1,8,2,6,"[Yellow hello, Blue v, Red small hook, Green L]"
Difficult,Gazelle,5,2,8,2,5,"[Yellow hello, Blue v, Red small hook, Red flash]"
Difficult,Gazelle,5,3,8,2,3,"[Blue v, Green flash, Green T, Green L]"
Difficult,Gazelle,5,4,8,2,1,"[Yellow big hook, Blue v, Red flash, Green L]"
Difficult,Gazelle,5,5,8,2,2,"[Blue big hook, Blue v, Red small hook, Green L]"
Difficult,Gazelle,5,6,8,2,3,"[Yellow small hook, Blue big hook, Blue v, Red flash]"
Difficult,Gazelle,5,7,8,2,2,"[Blue v, Red small hook, Green big hook, Green L]"
Difficult,Gazelle,5,8,8,2,1,"[Yellow small hook, Blue v, Green flash, Green L]"
Difficult,Gazelle,5,9,8,2,7,"[Yellow small hook, Blue lighter, Blue v, Green L]"
Difficult,Gazelle,5,10,8,2,2,"[Blue v, Red small hook, Green big hook, Green T]"
Difficult,Gazelle,6,1,8,2,2,"[Blue v, Red stool, Red small hook, Red flash]"
Difficult,Gazelle,6,2,8,2,1,"[Yellow small hook, Blue v, Red flash, Green big hook]"
Difficult,Gazelle,6,3,8,2,5,"[Yellow hello, Yellow small hook, Blue v, Red small hook]"
Difficult,Gazelle,6,4,8,2,7,"[Blue flash, Blue v, Red small hook, Green L]"
Difficult,Gazelle,6,5,8,2,5,"[Yellow small hook, Blue flash, Blue v, Green L]"
Difficult,Gazelle,6,6,8,2,2,"[Yellow hello, Blue v, Red small hook, Red flash]"
Difficult,Gazelle,6,7,8,2,16,"[Blue lighter, Blue v, Green T, Green L]"
Difficult,Gazelle,6,8,8,2,7,"[Blue v, Green flash, Green T, Green L]"
Difficult,Gazelle,6,9,8,2,6,"[Yellow small hook, Blue v, Red small hook, Green big hook]"
Difficult,Gazelle,6,10,8,2,2,"[Blue v, Red flash, Green big hook, Green L]"
Difficult,Gazelle,7,1,8,2,1,"[Blue v, Red small hook, Green flash, Green T]"
Difficult,Gazelle,7,2,8,2,2,"[Blue big hook, Blue v, Red small hook, Green L]"
Difficult,Gazelle,7,3,8,2,4,"[Yellow big hook, Blue v, Red small hook, Green L]"
Difficult,Gazelle,7,4,8,2,2,"[Yellow small hook, Blue flash, Blue v, Green L]"
Difficult,Gazelle,7,5,8,2,1,"[Yellow big hook, Yellow small hook, Blue v, Red small hook]"
Difficult,Gazelle,7,6,8,2,2,"[Yellow small hook, Blue flash, Blue v, Green T]"
Difficult,Gazelle,7,7,8,2,1,"[Yellow big hook, Yellow small hook, Blue v, Red flash]"
Difficult,Gazelle,7,8,8,2,3,"[Yellow small hook, Blue v, Green big hook, Green L]"
Difficult,Gazelle,7,9,8,2,6,"[Blue v, Red small hook, Green flash, Green L]"
Difficult,Gazelle,7,10,8,2,1,"[Blue big hook, Blue v, Red small hook, Green T]"
Difficult,Gazelle,8,1,8,2,8,"[Yellow small hook, Blue v, Red stool, Green L]"
Difficult,Gazelle,8,2,8,2,4,"[Yellow small hook, Blue flash, Blue v, Green L]"
Difficult,Gazelle,8,3,8,2,2,"[Blue v, Red small hook, Red flash, Green big hook]"
Difficult,Gazelle,8,4,8,2,1,"[Blue v, Red stool, Red small hook, Red flash]"
Difficult,Gazelle,8,5,8,2,2,"[Blue v, Red small hook, Green big hook, Green L]"
Difficult,Gazelle,8,6,8,2,1,"[Yellow big hook, Blue v, Red small hook, Green T]"
Difficult,Gazelle,8,7,8,2,4,"[Yellow small hook, Blue v, Red big hook, Green L]"
Difficult,Gazelle,8,8,8,2,9,"[Yellow hello, Blue v, Red small hook, Green L]"
Difficult,Gazelle,8,9,8,2,4,"[Yellow big hook, Blue v, Red small hook, Green L]"
Difficult,Gazelle,8,10,8,2,4,"[Yellow small hook, Blue big hook, Blue v, Green L]"
Difficult,Snake,9,1,8,2,2,"[Yellow big hook, Blue v, Green T, Green L]"
Difficult,Snake,9,2,8,2,4,"[Blue lighter, Blue v, Red small hook, Green L]"
Difficult,Snake,9,3,8,2,4,"[Yellow small hook, Blue lighter, Blue v, Red small hook]"
Difficult,Snake,9,4,8,2,1,"[Yellow big hook, Blue v, Red flash, Green T]"
Difficult,Snake,9,5,8,2,4,"[Yellow small hook, Blue lighter, Blue v, Green L]"
Difficult,Snake,9,6,9,2,2,"[Blue big hook, Blue lighter, Blue v, Green flash]"
Difficult,Snake,9,7,9,2,3,"[Yellow small hook, Red stool, Red big hook, Green L]"
Difficult,Snake,9,8,9,2,3,"[Blue lighter, Blue v, Red big hook, Green big hook]"
Difficult,Snake,9,9,9,2,3,"[Yellow small hook, Blue flash, Blue lighter, Red small hook]"
Difficult,Snake,9,10,9,2,3,"[Yellow small hook, Blue big hook, Blue lighter, Green L]"
Difficult,Snake,10,1,8,2,1,"[Yellow small hook, Blue lighter, Blue v, Green L]"
Difficult,Snake,10,2,8,2,4,"[Blue lighter, Blue v, Red small hook, Red flash]"
Difficult,Snake,10,3,8,2,1,"[Blue v, Red flash, Green flash, Green T]"
Difficult,Snake,10,4,8,2,3,"[Blue v, Red small hook, Red flash, Green flash]"
Difficult,Snake,10,5,8,2,8,"[Yellow small hook, Blue v, Green flash, Green L]"
Difficult,Snake,10,6,9,2,1,"[Yellow big hook, Yellow small hook, Blue flash, Green L]"
Difficult,Snake,10,7,9,2,11,"[Blue lighter, Blue v, Red stool, Green flash]"
Difficult,Snake,10,8,9,2,2,"[Yellow small hook, Blue big hook, Blue flash, Green L]"
Difficult,Snake,10,9,9,2,1,"[Yellow big hook, Blue big hook, Red flash, Green L]"
Difficult,Snake,10,10,9,2,2,"[Blue lighter, Blue v, Red big hook, Green flash]"
Difficult,Snake,11,1,8,2,6,"[Blue v, Red stool, Red small hook, Green L]"
Difficult,Snake,11,2,8,2,1,"[Blue big hook, Blue v, Red flash, Green L]"
Difficult,Snake,11,3,8,2,3,"[Blue lighter, Blue v, Red small hook, Green L]"
Difficult,Snake,11,4,8,2,4,"[Yellow small hook, Blue v, Green big hook, Green L]"
Difficult,Snake,11,5,8,2,1,"[Yellow gate, Blue v, Red small hook, Green L]"
Difficult,Snake,11,6,9,2,3,"[Yellow hello, Blue lighter, Red small hook, Red flash]"
Difficult,Snake,11,7,9,2,1,"[Yellow hello, Yellow gate, Red small hook, Red flash]"
Difficult,Snake,11,8,9,2,2,"[Yellow small hook, Blue big hook, Blue lighter, Red small hook]"
Difficult,Snake,11,9,9,2,1,"[Yellow gate, Blue big hook, Green T, Green L]"
Difficult,Snake,11,10,9,2,3,"[Red small hook, Red big hook, Green flash, Green L]"
Difficult,Snake,12,1,8,2,6,"[Blue v, Red stool, Red flash, Green L]"
Difficult,Snake,12,2,8,2,3,"[Yellow small hook, Blue v, Red stool, Green T]"
Difficult,Snake,12,3,8,2,5,"[Yellow small hook, Blue v, Red stool, Green L]"
Difficult,Snake,12,4,8,2,1,"[Blue v, Red small hook, Red big hook, Green T]"
Difficult,Snake,12,5,8,2,1,"[Yellow small hook, Blue flash, Blue v, Green L]"
Difficult,Snake,12,6,9,2,1,"[Yellow small hook, Red stool, Green big hook, Green L]"
Difficult,Snake,12,7,9,2,1,"[Yellow hello, Yellow gate, Blue flash, Blue v]"
Difficult,Snake,12,8,9,2,1,"[Blue flash, Red small hook, Green flash, Green L]"
Difficult,Snake,12,9,9,2,1,"[Yellow big hook, Red stool, Red small hook, Red flash]"
Difficult,Snake,12,10,9,2,2,"[Yellow small hook, Red stool, Red small hook, Green big hook]"
Difficult,Gnu,13,1,9,2,2,"[Yellow big hook, Yellow small hook, Blue big hook, Red small hook]"
Difficult,Gnu,13,2,9,2,2,"[Yellow small hook, Yellow gate, Red big hook, Red flash]"
Difficult,Gnu,13,3,9,2,4,"[Yellow small hook, Blue big hook, Green flash, Green L]"
Difficult,Gnu,13,4,9,2,4,"[Yellow hello, Yellow big hook, Yellow gate, Blue v]"
Difficult,Gnu,13,5,9,2,4,"[Yellow hello, Blue v, Red stool, Red big hook]"
Difficult,Gnu,13,6,9,2,2,"[Yellow small hook, Blue big hook, Red big hook, Green L]"
Difficult,Gnu,13,7,9,2,2,"[Blue big hook, Red stool, Red small hook, Green T]"
Difficult,Gnu,13,8,9,2,3,"[Blue flash, Blue lighter, Red small hook, Green L]"
Difficult,Gnu,13,9,9,2,3,"[Yellow gate, Blue big hook, Blue v, Red stool]"
Difficult,Gnu,13,10,9,2,4,"[Yellow hello, Red stool, Red small hook, Red flash]"
Difficult,Gnu,14,1,9,2,8,"[Yellow hello, Yellow small hook, Blue lighter, Green L]"
Difficult,Gnu,14,2,9,2,2,"[Yellow big hook, Yellow gate, Red small hook, Red flash]"
Difficult,Gnu,14,3,9,2,2,"[Blue lighter, Red small hook, Green big hook, Green T]"
Difficult,Gnu,14,4,9,2,2,"[Yellow hello, Blue lighter, Red flash, Green L]"
Difficult,Gnu,14,5,9,2,2,"[Yellow small hook, Blue flash, Green flash, Green L]"
Difficult,Gnu,14,6,9,2,1,"[Yellow big hook, Red small hook, Green big hook, Green L]"
Difficult,Gnu,14,7,9,2,6,"[Yellow small hook, Red stool, Red small hook, Green flash]"
Difficult,Gnu,14,8,9,2,1,"[Yellow small hook, Blue big hook, Blue lighter, Red small hook]"
Difficult,Gnu,14,9,9,2,3,"[Yellow small hook, Yellow gate, Red stool, Green T]"
Difficult,Gnu,14,10,9,2,1,"[Yellow hello, Red small hook, Red flash, Green flash]"
Difficult,Gnu,15,1,9,2,2,"[Yellow hello, Blue lighter, Blue v, Green big hook]"
Difficult,Gnu,15,2,9,2,4,"[Yellow hello, Yellow small hook, Blue lighter, Red small hook]"
Difficult,Gnu,15,3,9,2,2,"[Yellow gate, Blue flash, Red small hook, Green L]"
Difficult,Gnu,15,4,9,2,2,"[Blue big hook, Blue lighter, Green T, Green L]"
Difficult,Gnu,15,5,9,2,2,"[Yellow small hook, Red stool, Red small hook, Green big hook]"
Difficult,Gnu,15,6,9,2,15,"[Red stool, Red small hook, Green big hook, Green L]"
Difficult,Gnu,15,7,9,2,14,"[Blue lighter, Red stool, Red small hook, Green L]"
Difficult,Gnu,15,8,9,2,3,"[Blue flash, Red stool, Red flash, Green L]"
Difficult,Gnu,15,9,9,2,1,"[Red small hook, Red big hook, Green big hook, Green L]"
Difficult,Gnu,15,10,9,2,1,"[Red small hook, Green flash, Green big hook, Green L]"
Difficult,Gnu,16,1,9,2,2,"[Yellow small hook, Blue big hook, Red stool, Green L]"
Difficult,Gnu,16,2,9,2,4,"[Blue lighter, Red stool, Red small hook, Green L]"
Difficult,Gnu,16,3,9,2,4,"[Yellow hello, Blue v, Red stool, Green big hook]"
Difficult,Gnu,16,4,9,2,2,"[Blue big hook, Blue lighter, Red small hook, Green L]"
Difficult,Gnu,16,5,9,2,4,"[Yellow hello, Yellow small hook, Red stool, Red flash]"
Difficult,Gnu,16,6,9,2,4,"[Yellow small hook, Red big hook, Green flash, Green L]"
Difficult,Gnu,16,7,9,2,2,"[Blue lighter, Green flash, Green T, Green L]"
Difficult,Gnu,16,8,9,2,1,"[Yellow small hook, Green flash, Green big hook, Green L]"
Difficult,Gnu,16,9,9,2,1,"[Yellow big hook, Blue lighter, Red small hook, Green L]"
Difficult,Gnu,16,10,9,2,2,"[Blue big hook, Blue v, Red stool, Green big hook]"
Difficult,Ostrich,17,1,9,2,4,"[Blue big hook, Blue lighter, Blue v, Green big hook]"
Difficult,Ostrich,17,2,9,2,4,"[Yellow small hook, Red stool, Green big hook, Green L]"
Difficult,Ostrich,17,3,9,2,1,"[Red stool, Green big hook, Green T, Green L]"
Difficult,Ostrich,17,4,9,2,4,"[Yellow gate, Blue v, Green flash, Green big hook]"
Difficult,Ostrich,17,5,9,2,2,"[Yellow small hook, Red big hook, Green flash, Green L]"
Difficult,Ostrich,17,6,9,2,5,"[Yellow hello, Yellow small hook, Blue lighter, Green L]"
Difficult,Ostrich,17,7,9,2,1,"[Yellow small hook, Blue big hook, Green flash, Green L]"
Difficult,Ostrich,17,8,9,2,1,"[Yellow big hook, Yellow small hook, Blue lighter, Green T]"
Difficult,Ostrich,17,9,9,2,2,"[Blue flash, Red small hook, Red big hook, Green L]"
Difficult,Ostrich,17,10,9,2,1,"[Yellow small hook, Blue lighter, Green flash, Green L]"
Difficult,Ostrich,18,1,9,2,1,"[Yellow small hook, Blue flash, Red stool, Red small hook]"
Difficult,Ostrich,18,2,9,2,2,"[Yellow small hook, Blue big hook, Blue flash, Red small hook]"
Difficult,Ostrich,18,3,9,2,2,"[Yellow hello, Yellow small hook, Red small hook, Red big hook]"
Difficult,Ostrich,18,4,9,2,1,"[Blue v, Red stool, Red big hook, Green big hook]"
Difficult,Ostrich,18,5,9,2,1,"[Blue big hook, Blue flash, Blue v, Red stool]"
Difficult,Ostrich,18,6,9,2,3,"[Yellow big hook, Blue flash, Red small hook, Green L]"
Difficult,Ostrich,18,7,9,2,1,"[Yellow big hook, Red stool, Red small hook, Green L]"
Difficult,Ostrich,18,8,9,2,1,"[Yellow small hook, Blue flash, Blue lighter, Green L]"
Difficult,Ostrich,18,9,9,2,2,"[Yellow small hook, Blue big hook, Green flash, Green L]"
Difficult,Ostrich,18,10,9,2,1,"[Yellow big hook, Red flash, Green flash, Green L]"
Difficult,Ostrich,19,1,9,2,1,"[Yellow small hook, Red stool, Red small hook, Green big hook]"
Difficult,Ostrich,19,2,9,2,1,"[Blue big hook, Blue v, Red stool, Green flash]"
Difficult,Ostrich,19,3,9,2,1,"[Yellow hello, Blue v, Red stool, Green big hook]"
Difficult,Ostrich,19,4,9,2,1,"[Blue big hook, Red stool, Red small hook, Green L]"
Difficult,Ostrich,19,5,9,2,1,"[Blue flash, Red stool, Red small hook, Red flash]"
Difficult,Ostrich,19,6,9,2,2,"[Blue big hook, Green flash, Green T, Green L]"
Difficult,Ostrich,19,7,9,2,1,"[Yellow hello, Blue lighter, Red small hook, Green L]"
Difficult,Ostrich,19,8,9,2,1,"[Yellow small hook, Blue lighter, Red small hook, Green big hook]"
Difficult,Ostrich,19,9,9,2,1,"[Blue big hook, Blue lighter, Red small hook, Green L]"
Difficult,Ostrich,19,10,9,2,2,"[Blue big hook, Blue v, Red stool, Green big hook]"
Difficult,Ostrich,20,1,9,2,2,"[Red stool, Red small hook, Green flash, Green L]"
Difficult,Ostrich,20,2,9,2,1,"[Yellow big hook, Yellow small hook, Blue flash, Red small hook]"
Difficult,Ostrich,20,3,9,2,2,"[Yellow small hook, Blue flash, Red stool, Green L]"
Difficult,Ostrich,20,4,9,2,1,"[Blue lighter, Red stool, Red small hook, Green L]"
Difficult,Ostrich,20,5,9,2,2,"[Blue big hook, Blue v, Red stool, Green flash]"
Difficult,Ostrich,20,6,9,2,1,"[Yellow small hook, Blue flash, Green big hook, Green L]"
Difficult,Ostrich,20,7,9,2,1,"[Blue big hook, Red stool, Red flash, Green L]"
Difficult,Ostrich,20,8,9,2,1,"[Blue flash, Red small hook, Green big hook, Green T]"
Difficult,Ostrich,20,9,9,2,1,"[Yellow small hook, Red stool, Green big hook, Green L]"
Difficult,Ostrich,20,10,9,2,1,"[Yellow small hook, Blue big hook, Blue lighter, Green L]"
Difficult,Rhino,21,1,9,2,1,"[Blue flash, Red small hook, Green big hook, Green L]"
Difficult,Rhino,21,2,9,2,1,"[Red stool, Red small hook, Red flash, Green big hook]"
Difficult,Rhino,21,3,9,2,4,"[Red stool, Red small hook, Green flash, Green L]"
Difficult,Rhino,21,4,9,2,1,"[Blue lighter, Red small hook, Red big hook, Green L]"
Difficult,Rhino,21,5,9,2,4,"[Blue flash, Red stool, Red flash, Green L]"
Difficult,Rhino,21,6,9,2,1,"[Yellow hello, Blue lighter, Red small hook, Green L]"
Difficult,Rhino,21,7,9,2,2,"[Yellow big hook, Blue flash, Red small hook, Green L]"
Difficult,Rhino,21,8,9,2,3,"[Yellow hello, Blue flash, Green T, Green L]"
Difficult,Rhino,21,9,9,2,3,"[Yellow hello, Yellow small hook, Red stool, Red small hook]"
Difficult,Rhino,21,10,9,2,3,"[Yellow hello, Blue v, Red stool, Red big hook]"
Difficult,Rhino,22,1,9,2,2,"[Blue big hook, Blue flash, Blue v, Red stool]"
Difficult,Rhino,22,2,9,2,1,"[Yellow small hook, Red stool, Red big hook, Green L]"
Difficult,Rhino,22,3,9,2,1,"[Yellow small hook, Blue flash, Green big hook, Green L]"
Difficult,Rhino,22,4,9,2,1,"[Yellow small hook, Blue flash, Red big hook, Green L]"
Difficult,Rhino,22,5,9,2,5,"[Yellow big hook, Blue lighter, Blue v, Green big hook]"
Difficult,Rhino,22,6,9,2,3,"[Yellow big hook, Blue lighter, Blue v, Red stool]"
Difficult,Rhino,22,7,9,2,2,"[Blue big hook, Blue lighter, Blue v, Red big hook]"
Difficult,Rhino,22,8,9,2,1,"[Yellow small hook, Blue big hook, Red stool, Green T]"
Difficult,Rhino,22,9,9,2,1,"[Yellow gate, Blue v, Red stool, Green big hook]"
Difficult,Rhino,22,10,9,2,1,"[Yellow small hook, Red stool, Green flash, Green T]"
Difficult,Rhino,23,1,9,2,2,"[Red stool, Red flash, Green big hook, Green L]"
Difficult,Rhino,23,2,9,2,2,"[Yellow small hook, Yellow gate, Red stool, Green L]"
Difficult,Rhino,23,3,9,2,4,"[Blue big hook, Blue lighter, Blue v, Red stool]"
Difficult,Rhino,23,4,9,2,1,"[Yellow hello, Yellow big hook, Blue v, Red stool]"
Difficult,Rhino,23,5,9,2,1,"[Yellow small hook, Blue flash, Red small hook, Green big hook]"
Difficult,Rhino,23,6,9,2,2,"[Yellow gate, Blue flash, Blue v, Green big hook]"
Difficult,Rhino,23,7,9,2,8,"[Yellow small hook, Yellow gate, Blue lighter, Green L]"
Difficult,Rhino,23,8,9,2,2,"[Yellow hello, Blue big hook, Blue v, Green big hook]"
Difficult,Rhino,23,9,9,2,3,"[Yellow hello, Yellow small hook, Blue lighter, Red flash]"
Difficult,Rhino,23,10,9,2,3,"[Yellow hello, Yellow small hook, Green flash, Green L]"
Difficult,Rhino,24,1,9,2,1,"[Blue big hook, Red stool, Red small hook, Green L]"
Difficult,Rhino,24,2,9,2,3,"[Yellow small hook, Blue flash, Red big hook, Green L]"
Difficult,Rhino,24,3,9,2,1,"[Yellow hello, Blue big hook, Blue v, Red big hook]"
Difficult,Rhino,24,4,9,2,1,"[Yellow small hook, Red stool, Green big hook, Green L]"
Difficult,Rhino,24,5,9,2,2,"[Yellow big hook, Yellow small hook, Green flash, Green L]"
Difficult,Rhino,24,6,9,2,3,"[Yellow hello, Red small hook, Red big hook, Green L]"
Difficult,Rhino,24,7,9,2,12,"[Blue lighter, Blue v, Red stool, Green flash]"
Difficult,Rhino,24,8,9,2,5,"[Blue lighter, Red stool, Red small hook, Green L]"
Difficult,Rhino,24,9,9,2,1,"[Yellow big hook, Blue big hook, Red small hook, Green L]"
Difficult,Rhino,24,10,9,2,1,"[Red small hook, Red big hook, Green big hook, Green L]"
Difficult,Giraffe,25,1,9,2,3,"[Blue lighter, Blue v, Red stool, Red big hook]"
Difficult,Giraffe,25,2,9,2,1,"[Yellow small hook, Blue big hook, Red stool, Green T]"
Difficult,Giraffe,25,3,9,2,1,"[Yellow small hook, Blue lighter, Green big hook, Green T]"
Difficult,Giraffe,25,4,9,2,1,"[Yellow small hook, Yellow gate, Blue flash, Green L]"
Difficult,Giraffe,25,5,9,2,1,"[Blue lighter, Red small hook, Green big hook, Green L]"
Difficult,Giraffe,25,6,9,2,2,"[Yellow small hook, Blue flash, Blue lighter, Green L]"
Difficult,Giraffe,25,7,9,2,1,"[Yellow small hook, Blue big hook, Blue lighter, Green L]"
Difficult,Giraffe,25,8,9,2,4,"[Yellow hello, Blue lighter, Red small hook, Green T]"
Difficult,Giraffe,25,9,9,2,3,"[Yellow hello, Yellow small hook, Red big hook, Green L]"
Difficult,Giraffe,25,10,9,2,4,"[Yellow hello, Blue big hook, Red small hook, Green L]"
Difficult,Giraffe,26,1,9,2,1,"[Yellow hello, Yellow big hook, Yellow small hook, Green L]"
Difficult,Giraffe,26,2,9,2,4,"[Yellow hello, Yellow big hook, Blue v, Red stool]"
Difficult,Giraffe,26,3,9,2,1,"[Blue big hook, Red stool, Red small hook, Green L]"
Difficult,Giraffe,26,4,9,2,1,"[Red small hook, Green flash, Green big hook, Green L]"
Difficult,Giraffe,26,5,9,2,2,"[Yellow small hook, Blue big hook, Red small hook, Green big hook]"
Difficult,Giraffe,26,6,9,2,1,"[Yellow small hook, Red stool, Green flash, Green L]"
Difficult,Giraffe,26,7,9,2,2,"[Yellow hello, Blue v, Red big hook, Green flash]"
Difficult,Giraffe,26,8,9,2,1,"[Yellow hello, Red flash, Green flash, Green L]"
Difficult,Giraffe,26,9,9,2,2,"[Yellow big hook, Red stool, Green T, Green L]"
Difficult,Giraffe,26,10,9,2,3,"[Yellow hello, Yellow small hook, Red small hook, Green flash]"
Difficult,Giraffe,27,1,9,2,1,"[Yellow small hook, Red stool, Green flash, Green T]"
Difficult,Giraffe,27,2,9,2,2,"[Yellow small hook, Blue big hook, Blue lighter, Green L]"
Difficult,Giraffe,27,3,9,2,2,"[Blue lighter, Red small hook, Green flash, Green L]"
Difficult,Giraffe,27,4,9,2,3,"[Yellow gate, Blue lighter, Blue v, Green big hook]"
Difficult,Giraffe,27,5,9,2,1,"[Yellow hello, Blue lighter, Red small hook, Red flash]"
Difficult,Giraffe,27,6,9,2,2,"[Yellow hello, Blue big hook, Blue v, Red stool]"
Difficult,Giraffe,27,7,9,2,3,"[Yellow gate, Red small hook, Green big hook, Green L]"
Difficult,Giraffe,27,8,9,2,1,"[Yellow big hook, Yellow small hook, Green flash, Green L]"
Difficult,Giraffe,27,9,9,2,1,"[Yellow small hook, Yellow gate, Red small hook, Green big hook]"
Difficult,Giraffe,27,10,9,2,1,"[Yellow big hook, Blue big hook, Blue lighter, Blue v]"
Difficult,Giraffe,28,1,9,2,4,"[Red stool, Red small hook, Green flash, Green T]"
Difficult,Giraffe,28,2,9,2,6,"[Yellow hello, Blue lighter, Blue v, Red stool]"
Difficult,Giraffe,28,3,9,2,4,"[Blue flash, Blue v, Red stool, Green flash]"
Difficult,Giraffe,28,4,9,2,2,"[Yellow hello, Yellow small hook, Red stool, Red small hook]"
Difficult,Giraffe,28,5,9,2,4,"[Yellow small hook, Blue flash, Red stool, Green T]"
Difficult,Giraffe,28,6,9,2,1,"[Yellow small hook, Yellow gate, Blue flash, Green L]"
Difficult,Giraffe,28,7,9,2,1,"[Yellow big hook, Yellow small hook, Blue lighter, Green L]"
Difficult,Giraffe,28,8,9,2,2,"[Yellow big hook, Blue big hook, Red small hook, Green L]"
Difficult,Giraffe,28,9,9,2,2,"[Blue big hook, Blue lighter, Blue v, Red stool]"
Difficult,Giraffe,28,10,9,2,2,"[Blue lighter, Blue v, Green flash, Green big hook]"
Difficult,Zebra,29,1,9,2,1,"[Yellow small hook, Blue big hook, Blue lighter, Red flash]"
Difficult,Zebra,29,2,9,2,2,"[Yellow small hook, Blue flash, Red stool, Green T]"
Difficult,Zebra,29,3,9,2,1,"[Yellow big hook, Yellow small hook, Green big hook, Green T]"
Difficult,Zebra,29,4,9,2,2,"[Yellow hello, Blue v, Red stool, Green flash]"
Difficult,Zebra,29,5,9,2,2,"[Yellow small hook, Red small hook, Red big hook, Green flash]"
Difficult,Zebra,29,6,9,2,2,"[Blue big hook, Blue lighter, Red small hook, Green L]"
Difficult,Zebra,29,7,9,2,3,"[Blue big hook, Red stool, Red small hook, Green L]"
Difficult,Zebra,29,8,9,2,2,"[Yellow small hook, Blue big hook, Blue lighter, Green T]"
Difficult,Zebra,29,9,9,2,5,"[Yellow gate, Blue lighter, Blue v, Green big hook]"
Difficult,Zebra,29,10,9,2,1,"[Red small hook, Red big hook, Green flash, Green L]"
Difficult,Zebra,30,1,9,2,5,"[Yellow small hook, Blue big hook, Red stool, Green L]"
Difficult,Zebra,30,2,9,2,5,"[Blue big hook, Red stool, Red small hook, Green L]"
Difficult,Zebra,30,3,9,2,2,"[Blue big hook, Blue v, Red stool, Green big hook]"
Difficult,Zebra,30,4,9,2,5,"[Red stool, Red small hook, Green big hook, Green L]"
Difficult,Zebra,30,5,9,2,2,"[Yellow small hook, Red stool, Red big hook, Green L]"
Difficult,Zebra,30,6,9,2,13,"[Blue lighter, Blue v, Red stool, Red big hook]"
Difficult,Zebra,30,7,9,2,5,"[Blue lighter, Red stool, Red small hook, Green L]"
Difficult,Zebra,30,8,9,2,1,"[Yellow big hook, Blue v, Green flash, Green big hook]"
Difficult,Zebra,30,9,9,2,3,"[Blue big hook, Blue flash, Blue lighter, Blue v]"
Difficult,Zebra,30,10,9,2,2,"[Yellow hello, Yellow small hook, Blue big hook, Green L]"
Difficult,Zebra,31,1,9,2,2,"[Blue lighter, Blue v, Red stool, Green big hook]"
Difficult,Zebra,31,2,9,2,2,"[Yellow hello, Red stool, Red flash, Green L]"
Difficult,Zebra,31,3,9,2,3,"[Yellow small hook, Red stool, Red small hook, Green flash]"
Difficult,Zebra,31,4,9,2,5,"[Red stool, Red small hook, Green big hook, Green L]"
Difficult,Zebra,31,5,9,2,4,"[Yellow hello, Yellow small hook, Red stool, Green L]"
Difficult,Zebra,31,6,9,2,2,"[Yellow small hook, Blue big hook, Green flash, Green L]"
Difficult,Zebra,31,7,9,2,1,"[Yellow big hook, Blue lighter, Red small hook, Red flash]"
Difficult,Zebra,31,8,9,2,2,"[Yellow hello, Red stool, Red flash, Green L]"
Difficult,Zebra,31,9,9,2,4,"[Yellow small hook, Red big hook, Green flash, Green L]"
Difficult,Zebra,31,10,9,2,2,"[Yellow small hook, Blue flash, Green big hook, Green L]"
Difficult,Zebra,32,1,8,2,6,"[Yellow small hook, Blue v, Green big hook, Green L]"
Difficult,Zebra,32,2,8,2,10,"[Blue big hook, Blue v, Green T, Green L]"
Difficult,Zebra,32,3,8,2,2,"[Yellow small hook, Blue v, Red big hook, Red flash]"
Difficult,Zebra,32,4,8,2,8,"[Yellow hello, Blue v, Red flash, Green L]"
Difficult,Zebra,32,5,8,2,6,"[Blue big hook, Blue v, Red small hook, Green L]"
Difficult,Zebra,32,6,9,2,1,"[Red stool, Red small hook, Red big hook, Red flash]"
Difficult,Zebra,32,7,9,2,4,"[Blue big hook, Blue lighter, Blue v, Red big hook]"
Difficult,Zebra,32,8,9,2,1,"[Yellow big hook, Yellow small hook, Blue lighter, Red flash]"
Difficult,Zebra,32,9,9,2,1,"[Yellow small hook, Red big hook, Green big hook, Green L]"
Difficult,Zebra,32,10,9,2,3,"[Yellow hello, Yellow small hook, Green flash, Green L]"
Difficult,Warthog,33,1,10,2,6,"[Blue lighter, Red stool, Red big hook, Green big hook]"
Difficult,Warthog,33,2,10,2,2,"[Yellow hello, Yellow gate, Blue lighter, Green big hook]"
Difficult,Warthog,33,3,10,2,1,"[Yellow big hook, Yellow gate, Blue flash, Blue lighter]"
Difficult,Warthog,33,4,10,2,1,"[Yellow big hook, Yellow gate, Red stool, Green big hook]"
Difficult,Warthog,33,5,10,2,4,"[Yellow hello, Yellow gate, Blue lighter, Green flash]"
Difficult,Warthog,33,6,9,2,6,"[Blue lighter, Blue v, Red big hook, Green flash]"
Difficult,Warthog,33,7,9,2,8,"[Yellow hello, Red stool, Red small hook, Green L]"
Difficult,Warthog,33,8,9,2,2,"[Blue big hook, Red big hook, Green T, Green L]"
Difficult,Warthog,33,9,9,2,9,"[Yellow small hook, Blue big hook, Blue lighter, Green L]"
Difficult,Warthog,33,10,9,2,1,"[Yellow big hook, Red flash, Green flash, Green L]"
Difficult,Warthog,34,1,10,2,3,"[Yellow hello, Yellow big hook, Red big hook, Green flash]"
Difficult,Warthog,34,2,10,2,1,"[Red stool, Red big hook, Green flash, Green big hook]"
Difficult,Warthog,34,3,10,2,4,"[Yellow big hook, Blue lighter, Red stool, Red big hook]"
Difficult,Warthog,34,4,10,2,1,"[Blue lighter, Red stool, Red big hook, Green flash]"
Difficult,Warthog,34,5,10,2,4,"[Blue big hook, Blue lighter, Red stool, Green big hook]"
Difficult,Warthog,34,6,9,2,10,"[Blue lighter, Blue v, Red stool, Green big hook]"
Difficult,Warthog,34,7,9,2,5,"[Yellow hello, Blue big hook, Red small hook, Green L]"
Difficult,Warthog,34,8,9,2,1,"[Red small hook, Red big hook, Green big hook, Green T]"
Difficult,Warthog,34,9,9,2,6,"[Blue flash, Blue v, Red stool, Green flash]"
Difficult,Warthog,34,10,9,2,12,"[Yellow hello, Red stool, Red small hook, Green L]"
Difficult,Warthog,35,1,10,2,1,"[Blue big hook, Red stool, Green flash, Green big hook]"
Difficult,Warthog,35,2,10,2,2,"[Yellow hello, Yellow big hook, Red stool, Green flash]"
Difficult,Warthog,35,3,10,2,3,"[Yellow hello, Blue lighter, Red stool, Green big hook]"
Difficult,Warthog,35,4,10,2,2,"[Yellow hello, Yellow big hook, Red stool, Green big hook]"
Difficult,Warthog,35,5,10,2,1,"[Yellow gate, Blue big hook, Blue lighter, Red stool]"
Difficult,Warthog,35,6,9,2,1,"[Blue v, Red big hook, Green flash, Green big hook]"
Difficult,Warthog,35,7,9,2,6,"[Red stool, Red big hook, Red flash, Green L]"
Difficult,Warthog,35,8,9,2,34,"[Blue lighter, Red stool, Red small hook, Green L]"
Difficult,Warthog,35,9,9,2,3,"[Yellow small hook, Red big hook, Green flash, Green L]"
Difficult,Warthog,35,10,9,2,6,"[Blue flash, Blue lighter, Red small hook, Green L]"
Difficult,Warthog,36,1,10,2,4,"[Yellow hello, Yellow big hook, Yellow gate, Red stool]"
Difficult,Warthog,36,2,10,2,5,"[Yellow gate, Blue big hook, Blue flash, Red stool]"
Difficult,Warthog,36,3,10,2,1,"[Yellow hello, Blue big hook, Blue flash, Green big hook]"
Difficult,Warthog,36,4,10,2,1,"[Yellow hello, Yellow gate, Blue big hook, Green flash]"
Difficult,Warthog,36,5,10,2,1,"[Yellow hello, Yellow big hook, Red stool, Green big hook]"
Difficult,Warthog,36,6,9,2,13,"[Blue big hook, Red stool, Red small hook, Green L]"
Difficult,Warthog,36,7,9,2,1,"[Yellow small hook, Red big hook, Green big hook, Green L]"
Difficult,Warthog,36,8,9,2,5,"[Yellow hello, Yellow small hook, Green flash, Green L]"
Difficult,Warthog,36,9,9,2,10,"[Yellow hello, Red stool, Red small hook, Green L]"
Difficult,Warthog,36,10,9,2,7,"[Yellow hello, Blue flash, Blue v, Green flash]"
